Workbook

Sheet Sales
A1: Order ID | B1: Due Date | C1: Name | D1: Gender | E1: Country | F1: Units | G1: Country_Units | H1: Revenue
A2: 10507 | B2: 2/13/2024 | C2: Janet Murphy | D2: Female | E2: FR | F2: 91 | G2: =_xlfn.CONCAT(E2,F2) -> FR91 | H2: 36400 | K2: Janet Murphy | L2: =VLOOKUP(K2,$C$1:$H$31,6,FALSE) -> 36400
A3: 10534 | B3: 2/23/2024 | C3: Janice Clark | D3: Female | E3: IT | F3: 84 | G3: =_xlfn.CONCAT(E3,F3) -> IT84 | H3: 33440 | K3: Janice Clark | L3: =VLOOKUP(K3,$C$1:$H$31,6,FALSE) -> 33440
A4: 10537 | B4: 2/14/2024 | C4: Charlotte Walker | D4: Female | E4: FR | F4: 84 | G4: =_xlfn.CONCAT(E4,F4) -> FR84 | H4: 26752 | K4: Kelly Jones | L4: =VLOOKUP(K4,$C$1:$H$31,6,FALSE) -> 26240
A5: 10538 | B5: 2/14/2024 | C5: Natalie Robinson | D5: Female | E5: FR | F5: 84 | G5: =_xlfn.CONCAT(E5,F5) -> FR84 | H5: 26752
A6: 10542 | B6: 2/14/2024 | C6: Doris Nguyen | D6: Female | E6: IT | F6: 84 | G6: =_xlfn.CONCAT(E6,F6) -> IT84 | H6: 33440 | K6: Kelly Jones | L6: =VLOOKUP(K6,C1:H31,6,FALSE) -> 26240
A7: 105406 | B7: 45415 | C7: Keith Roberts | D7: Male | E7: UK | F7: 84 | G7: =_xlfn.CONCAT(E7,F7) -> UK84 | H7: 20900
A8: 10485 | B8: 45415 | C8: Kelly Jones | D8: Female | E8: JP | F8: 82 | G8: =_xlfn.CONCAT(E8,F8) -> JP82 | H8: 26240
A9: 10453 | B9: 45415 | C9: Kennedi Singh | D9: Male | E9: ES | F9: 80 | G9: =_xlfn.CONCAT(E9,F9) -> ES80 | H9: 20000 | J9: Using Order ID 10507, find the Revenue.
A10: 10477 | B10: 45415 | C10: Joseph Mitchell | D10: Male | E10: FR | F10: 80 | G10: =_xlfn.CONCAT(E10,F10) -> FR80 | H10: 12000 | J10: 10507
A11: 10486 | B11: 45357 | C11: Steven Simpson | D11: Male | E11: US | F11: 80 | G11: =_xlfn.CONCAT(E11,F11) -> US80 | H11: 12000 | I11: ans | J11: =VLOOKUP($J$10,$A$1:$H$31,8,FALSE) -> 36400
A12: 10490 | B12: 2/14/2024 | C12: Kenneth Anderson | D12: Male | E12: JP | F12: 80 | G12: =_xlfn.CONCAT(E12,F12) -> JP80 | H12: 12000
A13: 10502 | B13: 5/14/2024 | C13: Nicholas Gerrard | D13: Male | E13: ES | F13: 80 | G13: =_xlfn.CONCAT(E13,F13) -> ES80 | H13: 25600 | J13: Find the Name of the customer whose Order ID is 10486.
A14: 10523 | B14: 45634 | C14: Judith Lopez | D14: Female | E14: JP | F14: 80 | G14: =_xlfn.CONCAT(E14,F14) -> JP80 | H14: 32000 | J14: 10486
A15: 10525 | B15: 45576 | C15: Hannah Garcia | D15: Female | E15: ES | F15: 80 | G15: =_xlfn.CONCAT(E15,F15) -> ES80 | H15: 25536 | I15: ans | J15: =VLOOKUP(J14,A1:H31,3,FALSE) -> Steven Simpson
A16: 10535 | B16: 45871 | C16: Marilyn Allen | D16: Female | E16: IT | F16: 80 | G16: =_xlfn.CONCAT(E16,F16) -> IT80 | H16: 31840
A17: 10461 | B17: 45905 | C17: Brendan Walls | D17: Male | E17: JP | F17: 76 | G17: =_xlfn.CONCAT(E17,F17) -> JP76 | H17: 30400 | J17: Using Order ID 10546, fetch the Country.
A18: 10506 | B18: 45846 | C18: Carolyn Muir | D18: Female | E18: FR | F18: 76 | G18: =_xlfn.CONCAT(E18,F18) -> FR76 | H18: 11400 | J18: 10546
A19: 10531 | B19: 2/27/2024 | C19: Teresa Jarris | D19: Female | E19: IT | F19: 76 | G19: =_xlfn.CONCAT(E19,F19) -> IT76 | H19: 30400 | I19: ans | J19: =VLOOKUP(J18,A1:H31,5,FALSE) -> JP
A20: 10536 | B20: 2/22/2024 | C20: Beverly Young | D20: Female | E20: FR | F20: 76 | G20: =_xlfn.CONCAT(E20,F20) -> FR76 | H20: 11400
A21: 10541 | B21: 45420 | C21: Brittany Hill | D21: Female | E21: IT | F21: 76 | G21: =_xlfn.CONCAT(E21,F21) -> IT76 | H21: 24320 | J21: Using Order ID 10523, return the Country_Units value.
A22: 10546 | B22: 6/16/2024 | C22: Christian Carter | D22: Male | E22: JP | F22: 76 | G22: =_xlfn.CONCAT(E22,F22) -> JP76 | H22: 24320 | J22: 10523
A23: 10501 | B23: 7/26/2024 | C23: Gary Sinclair | D23: Male | E23: ES | F23: 76 | G23: =_xlfn.CONCAT(E23,F23) -> ES76 | H23: 24320 | I23: ans | J23: =VLOOKUP(J22,A1:H31,7,FALSE) -> JP80
A24: 10456 | B24: 45449 | C24: Ivan Hines | D24: Male | E24: US | F24: 75 | G24: =_xlfn.CONCAT(E24,F24) -> US75 | H24: 24000
A25: 10457 | B25: 4/17/2024 | C25: Jonah Higgins | D25: Male | E25: US | F25: 75 | G25: =_xlfn.CONCAT(E25,F25) -> US75 | H25: 30000 | J25: find Units for Order ID 99999.
A26: 10463 | B26: 2/27/2024 | C26: Lucia Mckay | D26: Female | E26: JP | F26: 75 | G26: =_xlfn.CONCAT(E26,F26) -> JP75 | H26: 11250 | J26: 99999
A27: 10468 | B27: 2/22/2024 | C27: Jaylynn Knapp | D27: Female | E27: FR | F27: 75 | G27: =_xlfn.CONCAT(E27,F27) -> FR75 | H27: 11250 | I27: ans | J27: =VLOOKUP(J26,A1:H31,6,FALSE) -> #N/A
A28: 10470 | B28: 2/17/2024 | C28: Bryce Carpenter | D28: Male | E28: FR | F28: 75 | G28: =_xlfn.CONCAT(E28,F28) -> FR75 | H28: 18750 | J28: =IFERROR(VLOOKUP(J26,A1:H31,6,FALSE),"Not Found") -> Not Found
A29: 10473 | B29: 2/14/2024 | C29: Michael Filson | D29: Male | E29: US | F29: 75 | G29: =_xlfn.CONCAT(E29,F29) -> US75 | H29: 18750
A30: 10478 | B30: 2/17/2024 | C30: Thomas Clark | D30: Male | E30: JP | F30: 75 | G30: =_xlfn.CONCAT(E30,F30) -> JP75 | H30: 18750
A31: 10478 | B31: 2/20/2024 | C31: Thomas Clark | D31: Male | E31: JP | F31: 87 | G31: =_xlfn.CONCAT(E31,F31) -> JP87 | H31: 18750

Sheet Examples
C1: xlookup
B2: Using Order ID 10507, find the Revenue. | C2: =_xlfn.XLOOKUP(D2,Sales!$A$2:$A$31,Sales!$H$2:$H$31,"Not found",0) -> 36400 | D2: 10507 | F2: =VLOOKUP(D2,Sales!A1:H31,8,FALSE) -> 36400
B3: Find the Name of the customer whose Order ID is 10486. | C3: =_xlfn.XLOOKUP(D3,Sales!$A$2:$A$31,Sales!$C$2:$C$31,"not found",0) -> Steven Simpson | D3: 10486 | F3: =VLOOKUP(D3,Sales!A1:H31,3,FALSE) -> Steven Simpson
B4: Using Order ID 10546, fetch the Country. | C4: =_xlfn.XLOOKUP(10546,Sales!$A$2:$A$31,Sales!$E$2:$E$31,"not found",0) -> JP | F4: =IFERROR(VLOOKUP(10546,Sales!A1:H31,3,FALSE),"NOT FOUND") -> Christian Carter
B5: Using Order ID 10523, return the Country_Units value. | C5: =_xlfn.XLOOKUP(10523,Sales!$A$2:$A$31,Sales!$G$2:$G$31,"not found",0) -> JP80
B6: find Units for Order ID 99999. | C6: =_xlfn.XLOOKUP(99999,Sales!$A$2:$A$31,Sales!$F$2:$F$31,"not found",0) -> not found
D7: Order ID | E7: 10507 | F7: 10534 | G7: 10537
D8: Name | E8: Janet Murphy | F8: Janice Clark | G8: Charlotte Walker
D9: Gender | E9: Female | F9: Female | G9: Female
D10: Country | E10: FR | F10: IT | G10: FR
D11: Units | E11: 91 | F11: 84 | G11: 84
D12: Revenue | E12: 36400 | F12: 33440 | G12: 26752
B13: Using Order ID 10507, find the Revenue using HLOOKUP. | C13: =_xlfn.XLOOKUP(D13,$E$7:$G$7,$E$12:$G$12,"not found",0) -> 36400 | D13: 10507 | E13: =HLOOKUP(D13,D7:G12,6,FALSE) -> 36400
B14: Find the Country for Order ID 10534. | C14: =_xlfn.XLOOKUP(D14,$E$7:$G$7,$E$10:$G$10,"not found",0) -> IT | D14: 10534 | E14: =HLOOKUP(D14,D7:G12,4,FALSE) -> IT
B15: Using HLOOKUP, fetch Units for Order ID 10537. | C15: =_xlfn.XLOOKUP(D15,Examples!$E$7:$G$7,Examples!$E$11:$G$11,"not found",0) -> 84 | D15: 10537 | E15: =HLOOKUP(D15,D7:G12,5,FALSE) -> 84
D19: Xlookup
B20: 1 | D20: Find the Order ID for Customer Name = "Janet Murphy" | F20: =_xlfn.XLOOKUP("Janet Murphy",Sales!$C$2:$C$31,Sales!$A$2:$A$31,"not found",0) -> 10507
B21: 2 | D21: Find Units for Order ID = 99999 | F21: =_xlfn.XLOOKUP(99999,Sales!$A$2:$A$31,Sales!$F$2:$F$31,"Order Not Available",0) -> Order Not Available
D22: If not found, show "Order Not Available"
B23: 3 | D23: Find the Revenue for Order ID = 10523 | F23: =_xlfn.XLOOKUP(10523,Sales!$A$2:$A$31,Sales!$H$2:$H$31,"not found",0) -> 32000
B24: 4 | D24: Order ID = 10478 appears twice. | F24: =_xlfn.XLOOKUP(10478,Sales!$A$2:$A$31,Sales!$F$2:$F$31,"not found",0,1) -> 75
D25: Find the Units from the latest entry

Sheet Hlookup
B2: order id | I2: 1111
B3: Name | C3: {=TRANSPOSE(Sales!C2:C8)} -> Janet Murphy | D3: Janice Clark | E3: Charlotte Walker | F3: Natalie Robinson | G3: Doris Nguyen | H3: Keith Roberts | I3: Kelly Jones
B4: Gender | C4: {=TRANSPOSE(Sales!D2:D6)} -> Female | D4: Female | E4: Female | F4: Female | G4: Female | H4: Male | I4: Female
B5: Revenue | C5: {=TRANSPOSE(Sales!H2:H8)} -> 36400 | D5: 33440 | E5: 26752 | F5: 26752 | G5: 33440 | H5: 20900 | I5: 26240
J7: Natalie Robinson | K7: =HLOOKUP($J7,$B$3:$I$5,3,FALSE) -> 26752
J8: Doris Nguyen | K8: =HLOOKUP($J8,$B$3:$I$5,3,FALSE) -> 33440 | M8: HLOOKUP searches across the first row and returns data from another row.
J9: Keith Roberts | K9: =HLOOKUP($J9,$B$3:$I$5,3,FALSE) -> 20900 | M9: =HLOOKUP(lookup_value, table_array, row_index_num, [range_lookup])
J10: Kelly Jones | K10: =HLOOKUP($J10,$B$3:$I$5,3,FALSE) -> 26240
H12: HLOOKUP | I12: VLOOKUP
H13: Horizontal search | I13: Vertical search
J16: Kelly Jones | K16: =HLOOKUP(J16,B3:I5,3,TRUE) -> 26240

Sheet Vloopup
B2: Name | C2: Revenue
B3: Janet Murphy | C3: =VLOOKUP(B3,Sales!$C$1:$H$31,6,FALSE) -> 36400
B4: Janice Clark | C4: =VLOOKUP(B4,Sales!$C$1:$H$31,6,FALSE) -> 33440
B5: Charlotte Walker | C5: =VLOOKUP(B5,Sales!$C$1:$H$31,6,FALSE) -> 26752 | G5: VLOOKUP searches vertically in the first column and returns data from another column.
B6: Natalie Robinson | C6: =VLOOKUP(B6,Sales!$C$1:$H$31,6,FALSE) -> 26752 | G6: =VLOOKUP(lookup_value, table_array, col_index_num, [range_lookup])
B7: Doris Nguyen | C7: =VLOOKUP(B7,Sales!$C$1:$H$31,6,FALSE) -> 33440
G8: lookup_value = Find this = The value you want to search for.
G9: table_array = in this table = The full data range where Excel will search.
G10: col_index_num = return from this column = The column number from which to return the result.
G11: (range_lookup)Match = using this match type = Tells Excel how to match the value | H11: Value | I11: Meaning
G12: 0 | H12: FALSE | I12: Exact match
G13: 1 | H13: TRUE | I13: Approximate match

Sheet Index_Match

Sheet Xlookup
B3: Name | C3: {=TRANSPOSE(Sales!C2:C7)} -> Janet Murphy | D3: Janice Clark | E3: Charlotte Walker | F3: Natalie Robinson | G3: Doris Nguyen | H3: Keith Roberts
B4: Revenue | C4: {=TRANSPOSE(Sales!H2:H7)} -> 36400 | D4: 33440 | E4: 26752 | F4: 26752 | G4: 33440 | H4: 20900
J6: Janice Clark
J7: Charlotte Walker
